{"initial_pose_sim": [55.4766, 40.471000000000004, 0], "initial_pose_real": [1.02, -1.3, 0], "sim_waypoint_list": [[53.864000000000004, 42.67], [55.0064056303071, 44.71172608351962], [55.89122171884164, 46.68476826832357], [56.53439808243164, 48.58394286394275], [56.95188453790513, 50.40406617990803], [57.15963090209012, 52.139954525750326], [57.173586991814645, 53.78642421100052], [57.00970262390672, 55.338291545189506], [56.68392761519436, 56.790372837848174], [56.21221178250559, 58.137484398507425], [55.61050494266845, 59.37444253669815], [54.89475691251095, 60.496063561951225], [54.08091750886112, 61.49716378379756], [53.18493654854696, 62.37255951176806], [52.222763848396504, 63.11706705539359], [51.21034922523779, 63.72550272420504], [50.16364249589881, 64.19268282773335], [49.09859347720763, 64.51342367550936], [48.03115198599224, 64.68254157706399], [46.97726783908066, 64.69485284192811], [45.95289085330092, 64.54517377963265], [44.97397084548105, 64.22832069970846], [44.05645763244907, 63.739109911686455], [43.216301031032984, 63.07235772509754], [42.46945085806084, 62.22288044947259], [41.83145818493995, 61.186142355651135], [41.30870293840151, 59.9725108245714], [40.898393900500636, 58.60725634727027], [40.59734110787171, 57.1162973760933], [40.40235459714914, 55.525552363386005], [40.310244404967314, 53.86093976149395], [40.31782056796062, 52.14837802276263], [40.421893122763464, 50.41378559953761], [40.61927210601024, 48.68308094416443], [40.90676755433535, 46.9821825089886], [41.281189504373174, 45.337008746355686], [41.73934799275811, 43.773478108611215], [42.27805305612457, 42.31750904810071], [42.89411473110693, 40.99502001716972], [43.58434305433959, 39.831929468163786], [44.34554806245696, 38.85415585342842], [45.17453979209343, 38.08761762530919], [46.06812827988338, 37.55823323615161], [47.02312356246122, 37.29192113830122], [48.03633567646133, 37.314599784103564], [49.104574658518125, 37.652187625904176], [50.224650545265995, 38.33060311604859], [51.393373373339344, 39.375764706882336], [52.607553179372545, 40.81359085075097], [53.864000000000004, 42.67]], "road_definition": "53.86,0.60,42.67@55.01,0.60,44.71@55.89,0.60,46.68@56.53,0.60,48.58@56.95,0.60,50.40@57.16,0.60,52.14@57.17,0.60,53.79@57.01,0.60,55.34@56.68,0.60,56.79@56.21,0.60,58.14@55.61,0.60,59.37@54.89,0.60,60.50@54.08,0.60,61.50@53.18,0.60,62.37@52.22,0.60,63.12@51.21,0.60,63.73@50.16,0.60,64.19@49.10,0.60,64.51@48.03,0.60,64.68@46.98,0.60,64.69@45.95,0.60,64.55@44.97,0.60,64.23@44.06,0.60,63.74@43.22,0.60,63.07@42.47,0.60,62.22@41.83,0.60,61.19@41.31,0.60,59.97@40.90,0.60,58.61@40.60,0.60,57.12@40.40,0.60,55.53@40.31,0.60,53.86@40.32,0.60,52.15@40.42,0.60,50.41@40.62,0.60,48.68@40.91,0.60,46.98@41.28,0.60,45.34@41.74,0.60,43.77@42.28,0.60,42.32@42.89,0.60,41.00@43.58,0.60,39.83@44.35,0.60,38.85@45.17,0.60,38.09@46.07,0.60,37.56@47.02,0.60,37.29@48.04,0.60,37.31@49.10,0.60,37.65@50.22,0.60,38.33@51.39,0.60,39.38@52.61,0.60,40.81@53.86,0.60,42.67", "left_lane": [[52.554978404333426, 43.40243597814315], [53.66755801725262, 45.384836762847776], [54.4965159652777, 47.23223521206084], [55.09301270003643, 48.9921922751687], [55.476182071461636, 50.660863321784156], [55.66497182157886, 52.23543356059635], [55.67776140159622, 53.714015784743175], [55.53204110633623, 55.095344434707], [55.24426202739914, 56.37832222574697], [54.82991672857892, 57.561541076209885], [54.30382874983627, 58.642913810729866], [53.680560431254186, 59.619508741193776], [52.97482705838698, 60.48760649698605], [52.2018292757534, 61.24294043170801], [51.37745580449015, 61.881061752836175], [50.51833300153025, 62.39778196373765], [49.641689460870424, 62.789663374248946], [48.7649632829172, 63.05452120887408], [47.90503033158887, 63.19183204319992], [47.07694350323777, 63.2027843820787], [46.292287280364796, 63.089501438129204], [45.55779925502122, 62.85296447193546], [44.87555279481094, 62.48982651977242], [44.24578971868982, 61.98966475882167], [43.671456520510034, 61.3345942908027], [43.159019607122914, 60.4963704537339], [42.71578415660916, 59.459947459457126], [42.35182040089079, 58.242948518609424], [42.07693248969139, 56.87660532664535], [41.89563743492218, 55.392866266280905], [41.80909148885658, 53.822820293126554], [41.8164669403246, 52.19661383019868], [41.91571651559167, 50.543686739687395], [42.10395239360182, 48.893060406612705], [42.37757792943812, 47.273613878959516], [42.73222530788143, 45.71434677989893], [43.162480957770825, 44.24463620513637], [43.661303856050715, 42.8944639526425], [44.21894647305661, 41.69447755656392], [44.8211254774897, 40.67541211713597], [45.44653417314197, 39.865547683310666], [46.06599322864568, 39.28355062114823], [46.65186026752037, 38.92593527175708], [47.20780068717114, 38.76416936994966], [47.793552458973586, 38.77955105580527], [48.4900234045819, 39.0088312618121], [49.336146265601386, 39.53116647698309], [50.320400726084685, 40.418712727062925], [51.36532704362244, 41.65434897747909]], "right_lane": [[55.17302159566658, 41.93756402185685], [56.34525324336158, 44.03861540419147], [57.28592747240558, 46.1373013245863], [57.975783464826854, 48.17569345271681], [58.427587004348624, 50.1472690380319], [58.654289982601384, 52.044475490904304], [58.66941258203307, 53.85883263725787], [58.48736414147721, 55.58123865567201], [58.123593202989575, 57.20242344994938], [57.59450683643226, 58.713427720804965], [56.91718113550063, 60.10597126266643], [56.10895339376771, 61.37261838270867], [55.18700795933526, 62.506721070609075], [54.16804382134052, 63.50217859182811], [53.06807189230286, 64.353072357951], [51.90236544894533, 65.05322348467243], [50.6855955309272, 65.59570228121775], [49.43222367149806, 65.97232614214464], [48.15727364039561, 66.17325111092805], [46.87759217492355, 66.18692130177752], [45.61349442623705, 66.00084612113609], [44.390142435940874, 65.60367692748146], [43.23736247008719, 64.98839330360049], [42.18681234337615, 64.15505069137342], [41.26744519561164, 63.11116660814248], [40.50389676275698, 61.87591425756837], [39.90162172019386, 60.485074189685676], [39.444967400110485, 58.97156417593112], [39.11774972605204, 57.35598942554125], [38.909071759376104, 55.658238460491106], [38.81139732107805, 53.89905922986135], [38.81917419559663, 52.10014221532658], [38.92806972993526, 50.28388445938783], [39.13459181841866, 48.47310148171616], [39.43595717923259, 46.690751139017685], [39.83015370086492, 44.95967071281244], [40.3162150277454, 43.30232001208606], [40.894802256198425, 41.740554143558924], [41.56928298915725, 40.295562477775526], [42.34756063118948, 38.9884468191916], [43.244561951771956, 37.84276402354618], [44.28308635554117, 36.891684629470156], [45.484396292246394, 36.19053120054613], [46.83844643775131, 35.81967290665278], [48.27911889394907, 35.849648512401856], [49.71912591245435, 36.295543989996254], [51.113154824930604, 37.1300397551141], [52.466346020594, 38.33281668670175], [53.849779315122646, 39.97283272402285]],