{"initial_pose_sim": [49.6126, 34.607, 0], "initial_pose_real": [0.22, -2.1, 0], "sim_waypoint_list": [[48.0, 36.806], [48.0, 38.503473684210526], [48.0, 40.20094736842105], [48.0, 41.898421052631576], [48.0, 43.5958947368421], [48.0, 45.29336842105263], [48.0, 46.990842105263155], [48.0, 48.68831578947368], [48.0, 50.385789473684206], [48.0, 52.083263157894734], [48.0, 53.780736842105256], [48.0, 55.478210526315785], [48.0, 57.17568421052631], [48.0, 58.873157894736835], [48.0, 60.570631578947356], [48.0, 62.26810526315789], [48.0, 63.965578947368414], [48.0, 65.66305263157894], [48.0, 67.36052631578946], [48.0, 69.05799999999999]], "road_definition": "48.00,0.60,36.81@48.00,0.60,38.50@48.00,0.60,40.20@48.00,0.60,41.90@48.00,0.60,43.60@48.00,0.60,45.29@48.00,0.60,46.99@48.00,0.60,48.69@48.00,0.60,50.39@48.00,0.60,52.08@48.00,0.60,53.78@48.00,0.60,55.48@48.00,0.60,57.18@48.00,0.60,58.87@48.00,0.60,60.57@48.00,0.60,62.27@48.00,0.60,63.97@48.00,0.60,65.66@48.00,0.60,67.36@48.00,0.60,69.06", "left_lane": [[46.5, 36.806], [46.5, 38.503473684210526], [46.5, 40.20094736842105], [46.5, 41.898421052631576], [46.5, 43.5958947368421], [46.5, 45.29336842105263], [46.5, 46.990842105263155], [46.5, 48.68831578947368], [46.5, 50.385789473684206], [46.5, 52.083263157894734], [46.5, 53.780736842105256], [46.5, 55.478210526315785], [46.5, 57.17568421052631], [46.5, 58.873157894736835], [46.5, 60.570631578947356], [46.5, 62.26810526315789], [46.5, 63.965578947368414], [46.5, 65.66305263157894], [46.5, 67.36052631578946]], "right_lane": [[49.5, 36.806], [49.5, 38.503473684210526], [49.5, 40.20094736842105], [49.5, 41.898421052631576], [49.5, 43.5958947368421], [49.5, 45.29336842105263], [49.5, 46.990842105263155], [49.5, 48.68831578947368], [49.5, 50.385789473684206], [49.5, 52.083263157894734], [49.5, 53.780736842105256], [49.5, 55.478210526315785], [49.5, 57.17568421052631], [49.5, 58.873157894736835], [49.5, 60.570631578947356], [49.5, 62.26810526315789], [49.5, 63.965578947368414], [49.5, 65.66305263157894], [49.5, 67.36052631578946]], "left_margin": [[45.0, 36.806], [45.0, 38.503473684210526], [45.0, 40.20094736842105], [45.0, 41.898421052631576], [45.0, 43.5958947368421], [45.0, 45.29336842105263], [45.0, 46.990842105263155], [45.0, 48.68831578947368], [45.0, 50.385789473684206], [45.0, 52.083263157894734], [45.0, 53.780736842105256], [45.0, 55.478210526315785], [45.0, 57.17568421052631], [45.0, 58.873157894736835], [45.0, 60.570631578947356], [45.0, 62.26810526315789], [45.0, 63.965578947368414], [45.0, 65.66305263157894], [45.0, 67.36052631578946]], "right_margin": [[51.0, 36.806], [51.0, 38.503473684210526], [51.0, 40.20094736842105], [51.0, 41.898421052631576], [51.0, 43.5958947368421], [51.0, 45.29336842105263], [51.0, 46.990842105263155], [51.0, 48.68831578947368], [51.0, 50.385789473684206], [51.0, 52.083263157894734], [51.0, 53.780736842105256], [51.0, 55.478210526315785], [51.0, 57.17568421052631], [51.0, 58.873157894736835], [51.0, 60.570631578947356], [51.0, 62.26810526315789], [51.0, 63.965578947368414], [51.0, 65.66305263157894], [51.0, 67.36052631578946]], "obstacles": []}