{"initial_pose_sim": [49.6126, 34.607, 0], "initial_pose_real": [0.22, -2.1, 0], "sim_waypoint_list": [[48.0, 36.806], [48.0, 41.589789473684206], [48.0, 46.373578947368415], [48.0, 51.157368421052624], [48.0, 55.94115789473683], [48.0, 60.72494736842105], [48.0, 65.50873684210526], [48.0, 70.29252631578947], [48.0, 75.07631578947368], [48.0, 79.86010526315789], [48.0, 84.6438947368421], [48.0, 89.42768421052631], [48.0, 94.21147368421052], [48.0, 98.99526315789473], [48.0, 103.77905263157894], [48.0, 108.56284210526316], [48.0, 113.34663157894735], [48.0, 118.13042105263156], [48.0, 122.91421052631578], [48.0, 127.698]], "road_definition": "48.00,0.60,36.81@48.00,0.60,41.59@48.00,0.60,46.37@48.00,0.60,51.16@48.00,0.60,55.94@48.00,0.60,60.72@48.00,0.60,65.51@48.00,0.60,70.29@48.00,0.60,75.08@48.00,0.60,79.86@48.00,0.60,84.64@48.00,0.60,89.43@48.00,0.60,94.21@48.00,0.60,99.00@48.00,0.60,103.78@48.00,0.60,108.56@48.00,0.60,113.35@48.00,0.60,118.13@48.00,0.60,122.91@48.00,0.60,127.70", "left_lane": [[46.5, 36.806], [46.5, 41.589789473684206], [46.5, 46.373578947368415], [46.5, 51.157368421052624], [46.5, 55.94115789473683], [46.5, 60.72494736842105], [46.5, 65.50873684210526], [46.5, 70.29252631578947], [46.5, 75.07631578947368], [46.5, 79.86010526315789], [46.5, 84.6438947368421], [46.5, 89.42768421052631], [46.5, 94.21147368421052], [46.5, 98.99526315789473], [46.5, 103.77905263157894], [46.5, 108.56284210526316], [46.5, 113.34663157894735], [46.5, 118.13042105263156], [46.5, 122.91421052631578]], "right_lane": [[49.5, 36.806], [49.5, 41.589789473684206], [49.5, 46.373578947368415], [49.5, 51.157368421052624], [49.5, 55.94115789473683], [49.5, 60.72494736842105], [49.5, 65.50873684210526], [49.5, 70.29252631578947], [49.5, 75.07631578947368], [49.5, 79.86010526315789], [49.5, 84.6438947368421], [49.5, 89.42768421052631], [49.5, 94.21147368421052], [49.5, 98.99526315789473], [49.5, 103.77905263157894], [49.5, 108.56284210526316], [49.5, 113.34663157894735], [49.5, 118.13042105263156], [49.5, 122.91421052631578]], "left_margin": [[45.0, 36.806], [45.0, 41.589789473684206], [45.0, 46.373578947368415], [45.0, 51.157368421052624], [45.0, 55.94115789473683], [45.0, 60.72494736842105], [45.0, 65.50873684210526], [45.0, 70.29252631578947], [45.0, 75.07631578947368], [45.0, 79.86010526315789], [45.0, 84.6438947368421], [45.0, 89.42768421052631], [45.0, 94.21147368421052], [45.0, 98.99526315789473], [45.0, 103.77905263157894], [45.0, 108.56284210526316], [45.0, 113.34663157894735], [45.0, 118.13042105263156], [45.0, 122.91421052631578]], "right_margin": [[51.0, 36.806], [51.0, 41.589789473684206], [51.0, 46.373578947368415], [51.0, 51.157368421052624], [51.0, 55.94115789473683], [51.0, 60.72494736842105], [51.0, 65.50873684210526], [51.0, 70.29252631578947], [51.0, 75.07631578947368], [51.0, 79.86010526315789], [51.0, 84.6438947368421], [51.0, 89.42768421052631], [51.0, 94.21147368421052], [51.0, 98.99526315789473], [51.0, 103.77905263157894], [51.0, 108.56284210526316], [51.0, 113.34663157894735], [51.0, 118.13042105263156], [51.0, 122.91421052631578]], "obstacles": []}